{
    "Matt Tom": {
        "Week 1: Introduction to TAI and What It Means for Animals": {
            "Ayodele  Soneye": {
                "responses": []
            },
            "Aaron  Cahill": {
                "responses": []
            },
            "Abirami  Raveendranath": {
                "responses": []
            },
            "Amruta Ganesh": {
                "responses": []
            },
            "Ayna Agarwal": {
                "responses": []
            },
            "Aishwarya Mohanty": {
                "responses": []
            },
            "Agata Plucienik": {
                "responses": []
            },
            "Khushbu Sainani": {
                "responses": []
            },
            "Andrew Blackwood": {
                "responses": []
            },
            "Aishwarya Surana": {
                "responses": []
            }
        }
    },
    "Allen Lu": {
        "Week 1: Introduction to TAI and What It Means for Animals": {
            "Diksha Singh": {
                "responses": []
            },
            "Dulki Seethawaka": {
                "responses": []
            },
            "Daniel Martin": {
                "responses": []
            },
            "Henry Colbert": {
                "responses": []
            },
            "Earl Ackon Cromwell": {
                "responses": [
                    {
                        "question": "You can post a link below or write some bullets, but be ready to share your example with the group in our session.",
                        "answer": "https://time.com/collection/next-generation-leaders/6973256/matias-muchnick/"
                    },
                    {
                        "question": "Imagine: AI for the\u00a0benefit\u00a0of animals.[150 words]\u00a0If you could solve one major animal welfare &amp; protection issue using AI, what would it be? Try &amp; take on the following questions in your response:What is the problem you're seeking to solve?What is currently being done about it\u2013 &amp; why isn't it working?How could AI do it better or do what is not yet being done?",
                        "answer": "I would focus on ending industrial animal agriculture by accelerating alternative proteins.\nThe Problem: Factory farming causes suffering on a massive scale.\nCurrent Failures: Legislative bans are too slow, and current plant-based options often fail to match the specific taste, texture, and low price of conventional meat, limiting mass adoption.\nThe AI Solution: AI can bridge this gap by treating food science as a data problem.\n\u2022 Molecular Discovery: Machine learning models can analyze millions of plant molecules to find specific proteins that mimic the functional properties of animal fats and proteins (e.g., melting, browning). the connections human researchers might miss.\n\u2022 Process Optimization: AI can simulate bioreactors to optimize conditions for cultivated meat, drastically reducing production costs.\nBy making cruelty-free options cheaper and tastier, AI can make factory farming economically obsolete, solving the largest welfare crisis through innovation rather than just regulation."
                    }
                ]
            },
            "Cezary Wyszy\u0144ski": {
                "responses": [
                    {
                        "question": "You can post a link below or write some bullets, but be ready to share your example with the group in our session.",
                        "answer": "Top 5 Points \u2013 How AI Can Replace Animal Testing:\n-AI analyzes massive biological and chemical datasets to predict toxicity, side-effects, and drug interactions without using live animals. It can model how a substance behaves in human cells based on historical data, genomics, and machine-learning patterns.\n-AI-driven \u201cvirtual human models\u201d (digital twins) simulate human organs, metabolic processes, immune reactions, and disease pathways\u2014providing results that are often more human-relevant than animal data.\n-AI improves the design, validation, and interpretation of 3D-printed tissues and organ-on-chip systems, identifying how human-derived models respond to chemicals or drugs. This makes these systems powerful substitutes for animal experiments.\n-AI replaces early-stage screening: Instead of testing hundreds of compounds on animals, AI can filter and rank promising or dangerous substances beforehand, reducing the number of required experiments to near zero.\n-AI integrates and harmonizes all available biological knowledge (cell data, protein interactions, imaging, toxicology databases), enabling full in silico experimentation\u2014i.e., simulated experiments performed entirely by computers.\n\nhttps://www.dpaonthenet.net/article/218781/Government-to-accelerate-animal-testing-phase-out-with-AI.aspx?utm_source=chatgpt.com"
                    },
                    {
                        "question": "Imagine: AI for the\u00a0benefit\u00a0of animals.[150 words]\u00a0If you could solve one major animal welfare &amp; protection issue using AI, what would it be? Try &amp; take on the following questions in your response:What is the problem you're seeking to solve?What is currently being done about it\u2013 &amp; why isn't it working?How could AI do it better or do what is not yet being done?",
                        "answer": "Millions of animals are still used every year, often repeatedly, and frequently for low-impact or duplicative studies. Even though legislation and ethical guidelines exist, they have not solved the problem. \n\nAlternatives remain expensive, data is fragmented across institutions, and researchers rarely have the time or tools to analyse the enormous volumes of existing experimental results. This leads to unnecessary repetition and continued reliance on animal models.\n\nAI could break this deadlock. With its speed and computational power, AI can integrate global toxicology and biomedical datasets, detect patterns invisible to humans, and accurately predict the effects of substances or procedures without using live animals. It can pre-screen compounds, reduce redundant studies, and\u2014ultimately\u2014replace many experiments entirely by generating reliable in-silico simulations. AI offers a path to science that is faster, safer, and free from animal suffering."
                    },
                    {
                        "question": "Explore the resourcesUse this google notebook LLM developed by Thomas M Richardson and ask it questions about different issues related to AI and Animals; for example \u201cWhat are the most important things one could do this decade to help AI go well for animals\u201d",
                        "answer": "Artificial Intelligence (AI) presents a double-edged sword for animal research and welfare. While AI is recognized as a powerful ally for the movement, offering tools to accelerate the development of alternative proteins and enhance the understanding and quantification of animal suffering, Transformative AI (TAI) necessitates strategic caution. The core strategic tension lies in managing these immense risks and opportunities.\n\n\nCrucially, the deployment of optimization technologies like Precision Livestock Farming (PLF) poses one of the greatest near-term threats to animals. PLF's primary effect is likely to increase the total number of animals raised in miserable factory farming conditions by boosting efficiency and lowering marginal production costs. This risk of locking in unsustainable suffering means advocates should prioritize restricting PLF use in industrial settings. This proactive stance, aimed at preventing \"bad lock-ins,\" is an urgent strategic priority for the movement in the face of rapid technological disruption. Ultimately, the goal is to harness AI to accelerate progress while mitigating the risk that speciesist assumptions become permanently embedded in future economic and technological systems."
                    }
                ]
            },
            "Neo Mokori": {
                "responses": []
            },
            "Emilio Tagua": {
                "responses": []
            },
            "Diego Exposito": {
                "responses": []
            },
            "Gwena\u00eblle Delcros": {
                "responses": []
            },
            "Erin Wall": {
                "responses": []
            },
            "Diego Quispe Huaman": {
                "responses": []
            },
            "Gabriel\u0117 Gudaityt\u0117": {
                "responses": []
            }
        }
    },
    "Cyril Birks": {
        "Week 1: Introduction to TAI and What It Means for Animals": {
            "Jan Gaida": {
                "responses": []
            },
            "Arda Enfiyeci": {
                "responses": []
            },
            "Jason Hung": {
                "responses": []
            },
            "Emily Patterson-Kane": {
                "responses": []
            },
            "Jackson White": {
                "responses": []
            },
            "Hubert Thieriot": {
                "responses": []
            },
            "Jaydeepsinh Jhala": {
                "responses": []
            },
            "Jacqueline Payne": {
                "responses": []
            },
            "Jeff Zhou": {
                "responses": [
                    {
                        "question": "You can post a link below or write some bullets, but be ready to share your example with the group in our session.",
                        "answer": "https://phys.org/news/2025-10-zoo-animals-wild-ai.html\nUniversity of Adelaide Researchers\nAdelaide Zoo\nMonarto Safari Park\ndata collection, when zookeepers aren't there (nighttime)\nAfrican Painted dog- cooperative hunting to bond, semi autonomous rover carrying food carcass, simulate prey\nSumatran Orangutan facial expressions\nThe wild is a construct that seems more and more thin the more capacity humans have to change environment and intervene in the fate of other species. \nZoochosis demonstrates the premium on enrichment."
                    },
                    {
                        "question": "Imagine: AI for the\u00a0benefit\u00a0of animals.[150 words]\u00a0If you could solve one major animal welfare &amp; protection issue using AI, what would it be? Try &amp; take on the following questions in your response:What is the problem you're seeking to solve?What is currently being done about it\u2013 &amp; why isn't it working?How could AI do it better or do what is not yet being done?",
                        "answer": "1. Welfare of wild animals. I think some of why we invest more in pets, farmed animals, and lab animals is because we consider them as property. Considering the welfare of wild animals would transform the current ethical landscape. \n2. Work on: AI alignment, decoding animal communication, data collection. \nWhy not working: There isn't much investment. \"Welfare Biology\" isn't an established field. There are issues of tractability and knowledge gaps. There's a market incentive to move to cultivated meat, there isn't a comparable element for wild animals. \n3.  There's a lot of scientific work that needs to be done to know the best strategy to go  with. AI could accelerate discoveries through its capacity to collect and process data. The process of deploying AI towards the welfare and protection of beings that do not have immediate use value for human beings may prove helpful for tackling the hard issue of AI alignment, and creating a more ethical social world in general."
                    },
                    {
                        "question": "Explore the resourcesUse this google notebook LLM developed by Thomas M Richardson and ask it questions about different issues related to AI and Animals; for example \u201cWhat are the most important things one could do this decade to help AI go well for animals\u201d",
                        "answer": "Notes:\nSerbia's AI framework only national AI policy that mentions animals\nArticle 13 of the Treaty on the Functioning of the European Union (TFEU), require that \"full regard is paid to the welfare requirements of animals, since animals are sentient beings\"\n These guidelines state that the artificial intelligence systems developed \"must be in harmony with the wellbeing of humans, animals and the environment\"\nsteering policy vs adaption policy\nbeware \"lock-in\""
                    }
                ]
            },
            "Micheal Faleke": {
                "responses": []
            },
            "Vikram Raju": {
                "responses": []
            },
            "Shekhar Tiruwa": {
                "responses": []
            },
            "Victor Chege": {
                "responses": []
            },
            "Sona Kalafusova": {
                "responses": []
            },
            "Veylan Solmira": {
                "responses": []
            },
            "Beliz Pekkan": {
                "responses": []
            },
            "Precious  Akampurira": {
                "responses": []
            },
            "Sonny Burniston": {
                "responses": []
            }
        }
    },
    "Diego Exposito": {
        "Week 1: Introduction to TAI and What It Means for Animals": {
            "Khalouk Shahbander": {
                "responses": []
            },
            "Justin Wilken": {
                "responses": []
            },
            "Kendrick Filbert": {
                "responses": [
                    {
                        "question": "You can post a link below or write some bullets, but be ready to share your example with the group in our session.",
                        "answer": "Topic: AI Decoding Animal Communication (Project CETI)\n\nAI is reshaping our understanding of non-human intelligence through initiatives like Project CETI. By applying Large Language Models (LLM) to bioacoustics data, researchers recently discovered that sperm whale codas contain complex, vowel-like structures and combinatorial grammar previously deemed unique to humans. This use of NLP allows us to detect communication patterns that are too complex or high frequency for the human ear to parse. The ethical implications here are profound where this technology directly challenges the \"speciesism\" bias Peter Singer warns against.\n\nhttps://www.sciencenews.org/article/ai-new-sperm-whale-communication"
                    },
                    {
                        "question": "Explore the resourcesUse this google notebook LLM developed by Thomas M Richardson and ask it questions about different issues related to AI and Animals; for example \u201cWhat are the most important things one could do this decade to help AI go well for animals\u201d",
                        "answer": "What AI technology harms animals now?\n\nThe AI technologies currently harming animals predominantly involve the systems used in intensive animal agriculture, known as Precision Livestock Farming (PLF), along with emerging concerns about speciesist biases in large language models and the use of AI in other domains like wildlife control and infrastructure.\nThe general consensus in the sources is that the most significant near-term harm stems from the application of AI to industrial farming systems, which, on the whole, threatens to increase total animal suffering.\n1. Precision Livestock Farming (PLF)\nPrecision Livestock Farming refers to systems that use sensors, instruments, and algorithms\u2014including machine learning and deep learning, which are already deeply embedded in industry practices\u2014to gather data about individual farmed animals and manage their environment to \"optimize\" farming operations.\nThe primary mechanism of harm is the enhancement of efficiency and intensification, rather than necessarily worsening the conditions for any one animal (though this also occurs).\nIncrease in Total Animal Suffering (Scale)\nPLF is judged as likely to decrease total animal welfare because it increases the overall scale of exploitation.\n\u2022 PLF systems are implemented primarily because they are profitable, typically by decreasing per-animal production costs.\n\u2022 This cost reduction corresponds with a lowering of the marginal cost of production, making it more profitable to scale up the number of animals farmed. This results in more total animals living miserable factory farmed lives.\n\u2022 Efficiency gains from PLF could lead to factory farming outcompeting smaller, higher welfare farms, resulting in a greater proportion of animals being farmed in inferior, industrial conditions.\n\u2022 Some companies are building systems based on these technologies, such as the 26-story AI-powered pig farms in China, where extreme intensification creates severe welfare risks.\nIntensification and Worsened Individual Welfare\nWhile the per-animal effects are uncertain, PLF systems can also directly worsen the welfare of individual animals in pursuit of efficiency.\n\u2022 Increased Density and Production: More capable monitoring systems enable farmers to implement higher stocking densities. For example, AI alg"
                    }
                ]
            },
            "Kunal Peety": {
                "responses": []
            },
            "Khurram Bugvi": {
                "responses": []
            },
            "Kadeeja Puthiya Nalakam": {
                "responses": []
            },
            "Kavya Jain": {
                "responses": []
            },
            "Kanha Agrawal": {
                "responses": []
            },
            "Luciana Russo": {
                "responses": []
            }
        }
    },
    "Elizabeth Alvarez": {
        "Week 1: Introduction to TAI and What It Means for Animals": {
            "Deepak Udharamaney": {
                "responses": []
            },
            "Itamar Talpaz": {
                "responses": []
            },
            "Prachi Shahare": {
                "responses": []
            },
            "Anjor Bhaskar": {
                "responses": []
            },
            "My  Luong": {
                "responses": []
            },
            "Mywish  Anand": {
                "responses": []
            },
            "Isabhel  Saraza": {
                "responses": []
            },
            "Peace Olusesi": {
                "responses": []
            },
            "Wikke Jansen": {
                "responses": []
            },
            "Lucas Robles": {
                "responses": []
            },
            "Anna  Solovieva": {
                "responses": []
            },
            "Mahi H Shah": {
                "responses": []
            }
        }
    },
    "Jack Stennett": {
        "Week 1: Introduction to TAI and What It Means for Animals": {
            "Shreya Vikram": {
                "responses": []
            },
            "Shadrack  Njuguna": {
                "responses": []
            },
            "Roopashi Khatri": {
                "responses": []
            },
            "Ramona Riegler": {
                "responses": []
            },
            "Gayathri Sangu": {
                "responses": []
            },
            "Robert Paine": {
                "responses": []
            },
            "Rajiv Aryal": {
                "responses": []
            },
            "Sian Richards": {
                "responses": []
            },
            "Sof\u00eda Godoy": {
                "responses": []
            },
            "Thomas Morris": {
                "responses": []
            },
            "Shubham Dhamelia": {
                "responses": []
            },
            "Shweta Borgaonkar": {
                "responses": []
            },
            "Harper Dunn": {
                "responses": []
            },
            "Matteo Mastracci": {
                "responses": []
            },
            "Muhammad  Abu Bakar": {
                "responses": []
            },
            "Matteo Pisani": {
                "responses": []
            },
            "Harshini  Vivek": {
                "responses": []
            },
            "Caitlin Yardley": {
                "responses": []
            },
            "Mehreen  Khalid": {
                "responses": []
            },
            "Liam Crismani": {
                "responses": []
            },
            "Evans Juma": {
                "responses": []
            },
            "Andrew Hom": {
                "responses": []
            },
            "Mohamed Islam Khadir": {
                "responses": []
            },
            "Jessica Masterson": {
                "responses": []
            },
            "Veeresh Raju Kenchugundu": {
                "responses": []
            },
            "Muhammad Qasim  Khan": {
                "responses": []
            },
            "Rashid Kisejjere": {
                "responses": []
            },
            "Nikhil Sharma": {
                "responses": []
            },
            "Rupal Sanghavi": {
                "responses": []
            },
            "Raman Raj  Gangwar": {
                "responses": []
            }
        }
    },
    "Michal Kubiak": {
        "Week 1: Introduction to TAI and What It Means for Animals": {
            "Victor Chege": {
                "responses": []
            },
            "Ajsel Budlla": {
                "responses": []
            },
            "Vinay Golchha": {
                "responses": []
            },
            "Vivek  Rachuri": {
                "responses": []
            },
            "Kyle Doherty": {
                "responses": []
            },
            "Kashvi Mulchandani": {
                "responses": []
            },
            "ADEKOYA  KAYODE": {
                "responses": []
            },
            "Abdurrasheed Isah Abubakar": {
                "responses": []
            },
            "Vittoria Lapomarda": {
                "responses": []
            },
            "Itamar Menuhin": {
                "responses": [
                    {
                        "question": "You can post a link below or write some bullets, but be ready to share your example with the group in our session.",
                        "answer": "https://www.businesswire.com/news/home/20251110413841/en/Where-Tradition-Meets-Tomorrow-A-New-Milk-Is-Born-Remilk-and-Gad-Dairies-Launch-The-New-Milk-Milk-Without-Cows\n\nRemilk produces milk protein through genetic engineering of yeast. They brought the product to comemrcial viabiltiy, and have now annouced rollout to cafes, restaurants, and bussinesses across Israel in the coming 2 months, through a cooperration with one of the nation's largest milk producers. "
                    },
                    {
                        "question": "Imagine: AI for the\u00a0benefit\u00a0of animals.[150 words]\u00a0If you could solve one major animal welfare &amp; protection issue using AI, what would it be? Try &amp; take on the following questions in your response:What is the problem you're seeking to solve?What is currently being done about it\u2013 &amp; why isn't it working?How could AI do it better or do what is not yet being done?",
                        "answer": "I am currently working on three fronts. In one, I am working on efficient, high-volume, generic algorithms for production of proteins, hoping to reduce costs and incease viability of alternative proteins. My advisor specifically is currently working, for example, on egg production in yeast. This is important, as costs in the field are high., and can be the make or break of many important initiatives. I also am working on developing such models easier. \nOn anotehr front, I am trying to make impact estimation faster and cheaper, and recommend improvements, using language models. This is important both for evaluation and funding focused organizations, and for improving impact of project proposals to higher scale, more neglected regions in animal farming."
                    },
                    {
                        "question": "Explore the resourcesUse this google notebook LLM developed by Thomas M Richardson and ask it questions about different issues related to AI and Animals; for example \u201cWhat are the most important things one could do this decade to help AI go well for animals\u201d",
                        "answer": "As a data scientist and genetic engineer focusing on transformative AI (TAI) timelines, the following opportunities are prioritized by expected leverage, speed, and robustness across paradigm shifts:\n1. Accelerate Alternative Proteins R&amp;D (GE/DS): Use AI/GE to optimize cell culture media and bioprocesses to rapidly undercut conventional meat prices.\n2. Technical AI Alignment (DS): Develop pro-animal training data and influence advanced AI systems\u2019 values to prevent speciesist bias lock-in.\n3. Integrate AW into AI Governance (DS/Policy): Ensure animal welfare is explicitly included in foundational AI regulations to prevent long-term speciesist exclusion.\n4. Model PLF Harms and Push Transparency (DS/Policy): Quantify total welfare risk from Precision Livestock Farming (PLF) efficiency gains; advocate for data transparency.\n5. Remove Alternative Protein Regulatory Obstacles: Proactively clear political and societal barriers (like cultivated meat bans) to ensure rapid adoption when tech parity is reached.\n6. Prioritize Wild Animal Welfare (WAW) Physiological Data: Gather experimental and physiological WAW data now; AI will accelerate theoretical modeling faster.\n7. Boost Advocacy Productivity (DS): Use AI tools (e.g., GPT models) to automate research, strategy, and drafting, leveraging organizational agility."
                    }
                ]
            },
            "Vandana Jutur": {
                "responses": []
            },
            "Mariya Mushtaq": {
                "responses": []
            },
            "Thijmen Calis": {
                "responses": []
            },
            "Celeste Moura": {
                "responses": []
            },
            "Usman MUIDEEN": {
                "responses": []
            },
            "Shubani Kumari": {
                "responses": [
                    {
                        "question": "You can post a link below or write some bullets, but be ready to share your example with the group in our session.",
                        "answer": "A group of researchers from Project CETI (Cetacean Translation Initiative) is using artificial intelligence to study the sounds made by sperm whales.\n\nThese whales use complex clicking patterns, called codas, to communicate with each other \u2014 but until now, humans couldn\u2019t really understand what they mean. the link of that article is https://www.nationalgeographic.com/science/article/ai-animal-language-whale-calls\n\nAI models are now being trained to recognize patterns in thousands of whale vocalizations, with the goal of finding structure and meaning similar to human language.\n\nThe project could completely change how we think about animal intelligence and communication, showing that whales \u2014 and possibly other species \u2014 have their own social languages.\n\nBeyond the science, this research reminds us that AI can build empathy, helping humans connect more deeply with other living beings instead of just controlling or studying them. AI is becoming a bridge between humans and animals. By helping us \u201clisten\u201d to whales and other species, it\u2019s opening the door to a more respectful and understanding relationship with nature."
                    },
                    {
                        "question": "Imagine: AI for the\u00a0benefit\u00a0of animals.[150 words]\u00a0If you could solve one major animal welfare &amp; protection issue using AI, what would it be? Try &amp; take on the following questions in your response:What is the problem you're seeking to solve?What is currently being done about it\u2013 &amp; why isn't it working?How could AI do it better or do what is not yet being done?",
                        "answer": "If I could use AI to solve one major animal welfare issue, it would be ending wildlife poaching. Every year, thousands of elephants, rhinos, and tigers are killed illegally for profit, despite strict laws and conservation patrols. Current anti-poaching efforts rely heavily on human patrols, which are limited by time, funding, and the vastness of protected areas. As a result, poachers often strike before help arrives.\n\nAI could transform this fight by using real-time monitoring through drones, camera traps, and acoustic sensors that automatically detect suspicious activity\u2014like gunshots, vehicle movements, or human presence in restricted zones. Machine learning models can analyze patterns and predict where poaching is likely to occur, allowing rangers to act before animals are harmed. This proactive, data-driven approach could save countless lives."
                    },
                    {
                        "question": "Explore the resourcesUse this google notebook LLM developed by Thomas M Richardson and ask it questions about different issues related to AI and Animals; for example \u201cWhat are the most important things one could do this decade to help AI go well for animals\u201d",
                        "answer": "To help AI benefit animals rather than harm them, we need to focus on three key areas.\n\nIntegrate animal welfare into AI ethics and policy.\nMost AI frameworks today are human-centered. Expanding these to include non-human interests ensures technology is developed with compassion, reducing harm from agriculture automation or biased wildlife monitoring.\n\nUse AI for empathy, not exploitation.\nAI should help humans understand animals \u2014 decoding communication, tracking emotional well-being, and preventing suffering \u2014 instead of maximizing profit through industrial farming efficiency alone.\n\nBuild transparent, inclusive systems.\nCollaboration among technologists, ecologists, and ethicists can ensure AI systems used in conservation, food tech, or experimentation are open, evidence-based, and respectful of all life.\n\nAs Richardson\u2019s notebook might emphasize, the challenge isn\u2019t just making AI smarter \u2014 it\u2019s making it kinder."
                    }
                ]
            },
            "Jonathan  Martinez": {
                "responses": []
            },
            "Valentina Gonz\u00e1lez": {
                "responses": []
            },
            "Florian Pellegrin": {
                "responses": []
            },
            "Joanna Michalska": {
                "responses": []
            },
            "FRANCO POZZO": {
                "responses": []
            },
            "Priya Malani": {
                "responses": []
            },
            "Narcisse Mbunzama": {
                "responses": []
            },
            "Aleena Shaji": {
                "responses": []
            },
            "Shaina Mae Totisano": {
                "responses": []
            },
            "Preyrana Mishra": {
                "responses": []
            },
            "Richard Feuchtinger": {
                "responses": []
            },
            "Yuvarajan Duraisamy": {
                "responses": []
            },
            "Chintan Siriya": {
                "responses": []
            },
            "Pallavi Krishnappa": {
                "responses": []
            },
            "Sailesh Meegada": {
                "responses": []
            }
        }
    },
    "Aishwarya Gurung": {
        "Week 1: Introduction to TAI and What It Means for Animals": {
            "Aditya  Bakshi": {
                "responses": []
            },
            "Karun  K M": {
                "responses": []
            },
            "Ariana Lujan": {
                "responses": []
            },
            "Elena Contreras": {
                "responses": []
            },
            "Jackson  Hoffman": {
                "responses": []
            },
            "Isah Abdullahi": {
                "responses": []
            },
            "Gaurav Jain": {
                "responses": []
            },
            "Jacob Prah": {
                "responses": []
            },
            "Vinit  Jain": {
                "responses": []
            },
            "Ishi Thakur": {
                "responses": []
            },
            "Dequn Teng": {
                "responses": []
            },
            "Jahanzeb Hassan": {
                "responses": []
            },
            "TURVISHI ARORA": {
                "responses": []
            },
            "Kristie O'Neill": {
                "responses": []
            },
            "Partha Nayak": {
                "responses": []
            },
            "Ivirah  Agarwal": {
                "responses": []
            },
            "Mohit Saini": {
                "responses": []
            },
            "Ochan  Tongyik": {
                "responses": []
            },
            "Imad Mohammed Nazar": {
                "responses": []
            },
            "Nitin Mane": {
                "responses": []
            },
            "Kevin  Joseph": {
                "responses": []
            },
            "Cristina Anier": {
                "responses": []
            },
            "Mika (Jaeyun) Noh": {
                "responses": []
            }
        }
    },
    "Linda Obregon": {
        "Week 1: Introduction to TAI and What It Means for Animals": {
            "cherishma subhasa": {
                "responses": []
            },
            "Vicky Protopapadaki": {
                "responses": []
            },
            "Maroof Kadiri": {
                "responses": []
            },
            "Myka Zabinska": {
                "responses": []
            },
            "Soumya Jain": {
                "responses": []
            },
            "Aditi  Haldule": {
                "responses": []
            },
            "Natalia  Ramirez Aqueveque": {
                "responses": []
            },
            "Kelley Reierson": {
                "responses": []
            },
            "Umesh Sundareshan": {
                "responses": []
            },
            "Josh Peng": {
                "responses": []
            }
        }
    },
    "Katharina Dornenzweig": {
        "Week 1: Introduction to TAI and What It Means for Animals": {
            "Patricia  Servant": {
                "responses": []
            },
            "Jean Claude Masengesho": {
                "responses": []
            },
            "Moses  Michael Anzenge": {
                "responses": []
            },
            "Krishna Priya": {
                "responses": []
            },
            "Alina Garc\u00eda": {
                "responses": []
            },
            "Harshita  Vempati": {
                "responses": []
            },
            "Rachel Odhiambo": {
                "responses": []
            },
            "Joseph Gordon": {
                "responses": []
            },
            "Shreya Padukone": {
                "responses": []
            },
            "Mohit Bhardwaj": {
                "responses": []
            },
            "Stephanie Glover": {
                "responses": []
            },
            "Aaysha  Verma": {
                "responses": []
            }
        }
    },
    "Yan Xu": {
        "Week 1: Introduction to TAI and What It Means for Animals": {
            "Aditya Durugkar": {
                "responses": []
            },
            "Michael  Sam": {
                "responses": []
            },
            "Clare Wieck": {
                "responses": []
            },
            "Aprajita Negi": {
                "responses": []
            },
            "Dian Pitaloka": {
                "responses": []
            },
            "Sabir  Sabir": {
                "responses": []
            },
            "Winky Leong": {
                "responses": []
            },
            "Elli Stourna": {
                "responses": []
            },
            "riya tiwari": {
                "responses": []
            }
        }
    },
    "Karen Singleton": {
        "Week 1: Introduction to TAI and What It Means for Animals": {
            "Ximena Rodriguez": {
                "responses": []
            },
            "Yogie Yaditra Yasir": {
                "responses": [
                    {
                        "question": "Explore the resourcesUse this google notebook LLM developed by Thomas M Richardson and ask it questions about different issues related to AI and Animals; for example \u201cWhat are the most important things one could do this decade to help AI go well for animals\u201d",
                        "answer": "How will AI developments affect animal advocacy?"
                    }
                ]
            },
            "Alexander Noronha": {
                "responses": []
            },
            "Vincent Kariuki": {
                "responses": []
            },
            "yidi xu": {
                "responses": []
            },
            "Maria Llanos Martell": {
                "responses": []
            },
            "Nour Elhouda Dalloua": {
                "responses": []
            },
            "Yaowen Deng": {
                "responses": []
            },
            "Meilyka Amir": {
                "responses": []
            },
            "Morgan Greenlaw": {
                "responses": []
            },
            "Umer Rasheed": {
                "responses": []
            },
            "Changxiang Jiang": {
                "responses": []
            },
            "John Flack": {
                "responses": []
            },
            "Delora  Edward": {
                "responses": []
            },
            "Favour  Okeke": {
                "responses": []
            },
            "Nour Salhi": {
                "responses": []
            },
            "Thanay sisir  Anabathula": {
                "responses": []
            },
            "Maryam Farhan": {
                "responses": []
            },
            "Gautami Vegiraju": {
                "responses": []
            }
        }
    }
}